id,Y,X,altitude,name,top,bottom,xx,tt,zz
Z49,39481878.68,3851670.65,38.2,7ú,404.7,405,����ϵ,�¶���ͳ,ɽ����
Z49,39481878.68,3851670.65,38.2,8ú,460.15,464.15,����ϵ,�¶���ͳ,ɽ����
Z65,39484801.52,3853451.44,38.23,ú,645.7,646,ʯ̿ϵ,��ʯ̿ͳ,̫ԭ��
Z65,39484801.52,3853451.44,38.23,ú,661.7,662,ʯ̿ϵ,��ʯ̿ͳ,̫ԭ��
Z65,39484801.52,3853451.44,38.23,ú,666.25,666.5,ʯ̿ϵ,��ʯ̿ͳ,̫ԭ��
Z65,39484801.52,3853451.44,38.23,14ú,710.09,710.32,ʯ̿ϵ,��ʯ̿ͳ,̫ԭ��
Z65,39484801.52,3853451.44,38.23,15ú,711.9,712.15,ʯ̿ϵ,��ʯ̿ͳ,̫ԭ��
Z65,39484801.52,3853451.44,38.23,21ú,767.36,768.88,ʯ̿ϵ,��ʯ̿ͳ,̫ԭ��
Z65,39484801.52,3853451.44,38.23,22ú,772.13,772.65,ʯ̿ϵ,��ʯ̿ͳ,̫ԭ��
Z32,39481631.88,3851810.89,37.82,9ú,530.26,532.33,,,
Z32,39481631.88,3851810.89,37.82,ú,571.59,571.95,,,
Z32,39481631.88,3851810.89,37.82,ú,601.26,601.53,,,
Z32,39481631.88,3851810.89,37.82,ú,612.81,613.03,,,
Z32,39481631.88,3851810.89,37.82,ú,618.9,619.31,,,
Z32,39481631.88,3851810.89,37.82,ú,622.27,622.58,,,
Z32,39481631.88,3851810.89,37.82,18ú,624.65,626.57,,,
Z32,39481631.88,3851810.89,37.82,ú,629.13,629.53,,,
Z32,39481631.88,3851810.89,37.82,21ú,676.25,677.42,,,
Z32,39481631.88,3851810.89,37.82,ú,680.45,681.06,,,
Z24,39483501.3,3852522.8,38.23,7ú,477.07,479.83,����ϵ,�¶���ͳ,ɽ����
Z24,39483501.3,3852522.8,38.23,8ú,506.7,510.6,����ϵ,�¶���ͳ,ɽ����
Z24,39483501.3,3852522.8,38.23,ú,551.54,551.94,ʯ̿ϵ,��ʯ̿ͳ,̫ԭ��
Z24,39483501.3,3852522.8,38.23,11ú,587.25,587.5,ʯ̿ϵ,��ʯ̿ͳ,̫ԭ��
Z24,39483501.3,3852522.8,38.23,13ú,599.2,599.55,ʯ̿ϵ,��ʯ̿ͳ,̫ԭ��
Z24,39483501.3,3852522.8,38.23,14ú,604.77,605.17,ʯ̿ϵ,��ʯ̿ͳ,̫ԭ��
Z24,39483501.3,3852522.8,38.23,15ú,608.17,608.47,ʯ̿ϵ,��ʯ̿ͳ,̫ԭ��
Z24,39483501.3,3852522.8,38.23,17ú,612.37,613.95,ʯ̿ϵ,��ʯ̿ͳ,̫ԭ��
Z24,39483501.3,3852522.8,38.23,18ú,617.15,617.65,ʯ̿ϵ,��ʯ̿ͳ,̫ԭ��
Z24,39483501.3,3852522.8,38.23,21ú,667.19,668.67,ʯ̿ϵ,��ʯ̿ͳ,̫ԭ��
Z24,39483501.3,3852522.8,38.23,22ú,672.22,672.9,ʯ̿ϵ,��ʯ̿ͳ,̫ԭ��
Z53,39484939.3,3852715,36.92,ú,476.1,476.35,����ϵ,�¶���ͳ,ɽ����
Z53,39484939.3,3852715,36.92,7ú,489.68,492.3,����ϵ,�¶���ͳ,ɽ����
Z53,39484939.3,3852715,36.92,8ú,518.12,522.15,����ϵ,�¶���ͳ,ɽ����
Z53,39484939.3,3852715,36.92,ú,561.7,564.9,ʯ̿ϵ,��ʯ̿ͳ,̫ԭ��
Z53,39484939.3,3852715,36.92,11ú,596,596.3,ʯ̿ϵ,��ʯ̿ͳ,̫ԭ��
Z53,39484939.3,3852715,36.92,ú,612.5,612.8,ʯ̿ϵ,��ʯ̿ͳ,̫ԭ��
Z53,39484939.3,3852715,36.92,14ú,615.1,615.45,ʯ̿ϵ,��ʯ̿ͳ,̫ԭ��
Z53,39484939.3,3852715,36.92,15ú,617.7,618.05,ʯ̿ϵ,��ʯ̿ͳ,̫ԭ��
Z53,39484939.3,3852715,36.92,ú,624.33,624.62,ʯ̿ϵ,��ʯ̿ͳ,̫ԭ��
Z53,39484939.3,3852715,36.92,ú,625.1,625.55,ʯ̿ϵ,��ʯ̿ͳ,̫ԭ��
Z53,39484939.3,3852715,36.92,21ú,685.99,687.1,ʯ̿ϵ,��ʯ̿ͳ,̫ԭ��
Z53,39484939.3,3852715,36.92,22ú,691.5,691.9,ʯ̿ϵ,��ʯ̿ͳ,̫ԭ��
Z45,39479075.57,3851786.38,38.8,7ú,632.67,633.32,����ϵ,�¶���ϵ,ɽ����
Z45,39479075.57,3851786.38,38.8,8ú,675.13,678.43,����ϵ,�¶���ϵ,ɽ����
Z45,39479075.57,3851786.38,38.8,ú,698.45,698.7,ʯ̿ϵ,��ʯ̿ϵ,̫ԭ��
Z45,39479075.57,3851786.38,38.8,11ú,754.3,754.5,ʯ̿ϵ,��ʯ̿ϵ,̫ԭ��
Z45,39479075.57,3851786.38,38.8,13ú,768.05,768.25,ʯ̿ϵ,��ʯ̿ϵ,̫ԭ��
Z45,39479075.57,3851786.38,38.8,ú,774.3,774.55,ʯ̿ϵ,��ʯ̿ϵ,̫ԭ��
Z45,39479075.57,3851786.38,38.8,ú,777.9,778.15,ʯ̿ϵ,��ʯ̿ϵ,̫ԭ��
Z45,39479075.57,3851786.38,38.8,17ú,779.82,781.3,ʯ̿ϵ,��ʯ̿ϵ,̫ԭ��
Z45,39479075.57,3851786.38,38.8,18ú,783.07,783.6,ʯ̿ϵ,��ʯ̿ϵ,̫ԭ��
Z45,39479075.57,3851786.38,38.8,21ú,837.27,838.5,ʯ̿ϵ,��ʯ̿ϵ,̫ԭ��
Z45,39479075.57,3851786.38,38.8,21ú,839.13,839.33,ʯ̿ϵ,��ʯ̿ϵ,̫ԭ��
Z45,39479075.57,3851786.38,38.8,ú,842.8,843.38,ʯ̿ϵ,��ʯ̿ϵ,̫ԭ��
Z12,39485594.02,3852217.16,36.6,7ú,276.24,279.42,����ϵ,�¶���ͳ,ɽ����
Z12,39485594.02,3852217.16,36.6,ú,315.59,317.77,����ϵ,�¶���ͳ,ɽ����
Z12,39485594.02,3852217.16,36.6,ú,365.1,365.4,����ϵ,�¶���ͳ,ɽ����
Z12,39485594.02,3852217.16,36.6,ú,398.55,398.85,����ϵ,�¶���ͳ,ɽ����
Z12,39485594.02,3852217.16,36.6,ú,413.1,413.4,����ϵ,�¶���ͳ,ɽ����
Z12,39485594.02,3852217.16,36.6,ú,416.65,417.25,����ϵ,�¶���ͳ,ɽ����
Z12,39485594.02,3852217.16,36.6,ú,419.5,419.8,����ϵ,�¶���ͳ,ɽ����
Z12,39485594.02,3852217.16,36.6,17ú,424.5,426.43,����ϵ,�¶���ͳ,ɽ����
Z12,39485594.02,3852217.16,36.6,18ú,427.7,428.15,����ϵ,�¶���ͳ,ɽ����
Z12,39485594.02,3852217.16,36.6,ú,450.85,451.2,����ϵ,�¶���ͳ,ɽ����
Z12,39485594.02,3852217.16,36.6,21ú,489.91,491.19,����ϵ,�¶���ͳ,ɽ����
Z12,39485594.02,3852217.16,36.6,22ú,495.33,495.8,����ϵ,�¶���ͳ,ɽ����
Z69,39484500.95,3852948.51,37.97,7ú,561.33,563.9,����ϵ,�¶���ͳ,ɽ����
Z69,39484500.95,3852948.51,37.97,9ú,589.83,593.78,����ϵ,�¶���ͳ,ɽ����
Z28,39482546.22,3852280.13,37.84,7ú,523.33,527.03,����ϵ,�¶���ͳ,ɽ����
Z28,39482546.22,3852280.13,37.84,ú,641.75,642.5,ʯ̿ϵ,��ʯ̿ͳ,̫ԭ��
Z28,39482546.22,3852280.13,37.84,11ú,671.2,675,ʯ̿ϵ,��ʯ̿ͳ,̫ԭ��
Z28,39482546.22,3852280.13,37.84,15ú,699.7,700.24,ʯ̿ϵ,��ʯ̿ͳ,̫ԭ��
Z28,39482546.22,3852280.13,37.84,17ú,703.83,705.45,ʯ̿ϵ,��ʯ̿ͳ,̫ԭ��
Z28,39482546.22,3852280.13,37.84,18ú,708.27,708.92,ʯ̿ϵ,��ʯ̿ͳ,̫ԭ��
Z28,39482546.22,3852280.13,37.84,21ú,756.08,757.37,ʯ̿ϵ,��ʯ̿ͳ,̫ԭ��
Z28,39482546.22,3852280.13,37.84,22ú,760.17,760.66,ʯ̿ϵ,��ʯ̿ͳ,̫ԭ��
Z29,39482247.78,3851173.66,38.64,13ú,272.2,272.5,ʯ̿ϵ,��ʯ̿ͳ,̫ԭ��
Z29,39482247.78,3851173.66,38.64,13��ú,286.75,287,ʯ̿ϵ,��ʯ̿ͳ,̫ԭ��
Z29,39482247.78,3851173.66,38.64,14ú,293.1,293.5,ʯ̿ϵ,��ʯ̿ͳ,̫ԭ��
Z29,39482247.78,3851173.66,38.64,15ú,296.7,297.3,ʯ̿ϵ,��ʯ̿ͳ,̫ԭ��
Z29,39482247.78,3851173.66,38.64,17ú,300.09,302.14,ʯ̿ϵ,��ʯ̿ͳ,̫ԭ��
Z29,39482247.78,3851173.66,38.64,18ú,303.5,304,ʯ̿ϵ,��ʯ̿ͳ,̫ԭ��
Z29,39482247.78,3851173.66,38.64,21ú,358.88,360.4,ʯ̿ϵ,��ʯ̿ͳ,̫ԭ��
Z29,39482247.78,3851173.66,38.64,22ú,364.33,364.83,ʯ̿ϵ,��ʯ̿ͳ,̫ԭ��
Z68,39482737.02,3851418.06,38.2,ú,275.49,275.85,ʯ̿ϵ,��ʯ̿ͳ,̫ԭ��
Z68,39482737.02,3851418.06,38.2,14ú,281.74,282.12,ʯ̿ϵ,��ʯ̿ͳ,̫ԭ��
Z68,39482737.02,3851418.06,38.2,15ú,286.58,287.13,ʯ̿ϵ,��ʯ̿ͳ,̫ԭ��
Z68,39482737.02,3851418.06,38.2,17ú,290.61,292.65,ʯ̿ϵ,��ʯ̿ͳ,̫ԭ��
Z68,39482737.02,3851418.06,38.2,18ú,295.69,296.59,ʯ̿ϵ,��ʯ̿ͳ,̫ԭ��
Z68,39482737.02,3851418.06,38.2,21ú,364.55,365.5,ʯ̿ϵ,��ʯ̿ͳ,̫ԭ��
Z68,39482737.02,3851418.06,38.2,22ú,369.84,370.48,ʯ̿ϵ,��ʯ̿ͳ,̫ԭ��
Z13,39480564.63,3851919.48,38.98,7ú,515.05,516.38,����ϵ,�¶���ͳ,ɽ����
Z13,39480564.63,3851919.48,38.98,9ú,554.99,557.39,����ϵ,�¶���ͳ,ɽ����
Z13,39480564.63,3851919.48,38.98,ú,575.36,575.64,����ϵ,�¶���ͳ,ɽ����
Z44,39479184.14,3851362.04,38.68,ú,431.47,431.7,,,
Z44,39479184.14,3851362.04,38.68,7ú,437.7,439.62,,,
Z44,39479184.14,3851362.04,38.68,9ú,477.62,480.67,,,
Z44,39479184.14,3851362.04,38.68,ú,498.19,498.47,,,
Z44,39479184.14,3851362.04,38.68,ú,507.94,508.17,,,
Z44,39479184.14,3851362.04,38.68,ú,516.44,517.21,,,
Z52,39486757.05,3853900.1,37.27,7ú,829.97,831.25,����ϵ,�¶���ͳ,ɽ����
Z52,39486757.05,3853900.1,37.27,9ú,851.85,854.2,����ϵ,�¶���ͳ,ɽ����
Z25,39482763.89,3851318.47,38.56,21ú,270.85,271.77,ʯ̿ϵ,��ʯ̿ͳ,̫ԭ��
Z25,39482763.89,3851318.47,38.56,22ú,275.7,276.23,ʯ̿ϵ,��ʯ̿ͳ,̫ԭ��
Z33,39481359.99,3850798.76,38.78,21ú,331.03,332.48,ʯ̿ϵ,��ʯ̿ͳ,̫ԭ��
Z33,39481359.99,3850798.76,38.78,22ú,336.47,337,ʯ̿ϵ,��ʯ̿ͳ,̫ԭ��
Z64,39485779.46,3853388.1,37.71,7ú,699.62,701.85,����ϵ,�¶���ͳ,ɽ����
Z64,39485779.46,3853388.1,37.71,8ú,730.35,734.95,����ϵ,�¶���ͳ,ɽ����
Z64,39485779.46,3853388.1,37.71,ú,750.5,750.7,ʯ̿ϵ,��ʯ̿ͳ,̫ԭ��
Z64,39485779.46,3853388.1,37.71,ú,774,774.5,ʯ̿ϵ,��ʯ̿ͳ,̫ԭ��
Z64,39485779.46,3853388.1,37.71,ú,807.7,808.1,ʯ̿ϵ,��ʯ̿ͳ,̫ԭ��
Z64,39485779.46,3853388.1,37.71,ú,812.5,812.8,ʯ̿ϵ,��ʯ̿ͳ,̫ԭ��
Z64,39485779.46,3853388.1,37.71,ú,822.73,823.2,ʯ̿ϵ,��ʯ̿ͳ,̫ԭ��
Z64,39485779.46,3853388.1,37.71,ú,828.38,828.66,ʯ̿ϵ,��ʯ̿ͳ,̫ԭ��
Z64,39485779.46,3853388.1,37.71,18ú,838.95,839.3,ʯ̿ϵ,��ʯ̿ͳ,̫ԭ��
Z48,39478667.74,3851225.34,38.1,7ú,426.67,429.95,,,
Z48,39478667.74,3851225.34,38.1,9ú,453.24,463.54,,,
Z1,39488088.44,3853284.63,37.2,7ú,572.9,577.01,����ϵ,�¶���ͳ,ɽ����
Z1,39488088.44,3853284.63,37.2,9ú,602.75,606.63,����ϵ,�¶���ͳ,ɽ����
Z1,39488088.44,3853284.63,37.2,ú,618.65,618.74,����ϵ,�¶���ͳ,ɽ����
Z1,39488088.44,3853284.63,37.2,ú,631.25,631.53,ʯ̿ϵ,��ʯ̿ͳ,̫ԭ��
Z1,39488088.44,3853284.63,37.2,ú,643.56,643.93,ʯ̿ϵ,��ʯ̿ͳ,̫ԭ��
Z1,39488088.44,3853284.63,37.2,ú,679.81,680.05,ʯ̿ϵ,��ʯ̿ͳ,̫ԭ��
Z1,39488088.44,3853284.63,37.2,ú,687.06,687.43,ʯ̿ϵ,��ʯ̿ͳ,̫ԭ��
Z1,39488088.44,3853284.63,37.2,ú,696.99,697.37,ʯ̿ϵ,��ʯ̿ͳ,̫ԭ��
Z1,39488088.44,3853284.63,37.2,ú,699.07,699.58,ʯ̿ϵ,��ʯ̿ͳ,̫ԭ��
Z1,39488088.44,3853284.63,37.2,17ú,704.61,706.32,ʯ̿ϵ,��ʯ̿ͳ,̫ԭ��
Z1,39488088.44,3853284.63,37.2,ú,708.95,709.61,ʯ̿ϵ,��ʯ̿ͳ,̫ԭ��
Z1,39488088.44,3853284.63,37.2,21ú,753.58,755.23,ʯ̿ϵ,��ʯ̿ͳ,̫ԭ��
Z1,39488088.44,3853284.63,37.2,ú,760.11,760.72,ʯ̿ϵ,��ʯ̿ͳ,̫ԭ��
Z55,39482941.04,3852434.81,38.13,7ú,515.65,520.61,����ϵ,�¶���ͳ,ɽ����
Z55,39482941.04,3852434.81,38.13,ú,604.2,604.68,ʯ̿ϵ,��ʯ̿ͳ,̫ԭ��
Z55,39482941.04,3852434.81,38.13,11ú,645.66,646.01,ʯ̿ϵ,��ʯ̿ͳ,̫ԭ��
Z55,39482941.04,3852434.81,38.13,13ú,650.8,651.34,ʯ̿ϵ,��ʯ̿ͳ,̫ԭ��
Z55,39482941.04,3852434.81,38.13,13��ú,658.6,659.1,ʯ̿ϵ,��ʯ̿ͳ,̫ԭ��
Z55,39482941.04,3852434.81,38.13,14ú,668.64,669.05,ʯ̿ϵ,��ʯ̿ͳ,̫ԭ��
Z55,39482941.04,3852434.81,38.13,15ú,674.14,674.56,ʯ̿ϵ,��ʯ̿ͳ,̫ԭ��
Z55,39482941.04,3852434.81,38.13,ú,709.35,709.55,ʯ̿ϵ,��ʯ̿ͳ,̫ԭ��
Z55,39482941.04,3852434.81,38.13,15ú,721.51,722.13,ʯ̿ϵ,��ʯ̿ͳ,̫ԭ��
Z55,39482941.04,3852434.81,38.13,17ú,726.14,728.99,ʯ̿ϵ,��ʯ̿ͳ,̫ԭ��
Z55,39482941.04,3852434.81,38.13,18ú,730.89,731.59,ʯ̿ϵ,��ʯ̿ͳ,̫ԭ��
Z55,39482941.04,3852434.81,38.13,21ú,776.91,778.19,ʯ̿ϵ,��ʯ̿ͳ,̫ԭ��
Z55,39482941.04,3852434.81,38.13,22ú,781.22,781.78,ʯ̿ϵ,��ʯ̿ͳ,̫ԭ��
Z43,39479287.55,3850995.32,39.22,7ú,333.68,335.29,,,
Z43,39479287.55,3850995.32,39.22,ú,337.8,338.38,,,
Z43,39479287.55,3850995.32,39.22,9ú,368.13,370.83,,,
Z43,39479287.55,3850995.32,39.22,ú,404.65,405.05,,,
Z43,39479287.55,3850995.32,39.22,ú,433.18,433.62,,,
Z43,39479287.55,3850995.32,39.22,ú,446.05,446.31,,,
Z43,39479287.55,3850995.32,39.22,ú,451.89,452.23,,,
Z43,39479287.55,3850995.32,39.22,ú,455.76,456.1,,,
Z43,39479287.55,3850995.32,39.22,18ú,458.19,462.49,,,
Z43,39479287.55,3850995.32,39.22,21ú,512.87,514.08,,,
Z43,39479287.55,3850995.32,39.22,ú,518.23,518.77,,,
Z14,39485524.95,3852578.63,37.31,7ú,430.15,432.42,����ϵ,�¶���ͳ,ɽ����
Z14,39485524.95,3852578.63,37.31,8ú,461.68,465.78,����ϵ,�¶���ͳ,ɽ����
Z14,39485524.95,3852578.63,37.31,ú,485.5,485.7,ʯ̿ϵ,��ʯ̿ͳ,̫ԭ��
Z14,39485524.95,3852578.63,37.31,ú,506.8,507.2,ʯ̿ϵ,��ʯ̿ͳ,̫ԭ��
Z14,39485524.95,3852578.63,37.31,ú,539.7,540,ʯ̿ϵ,��ʯ̿ͳ,̫ԭ��
Z14,39485524.95,3852578.63,37.31,ú,552.81,553.07,ʯ̿ϵ,��ʯ̿ͳ,̫ԭ��
Z14,39485524.95,3852578.63,37.31,ú,557.32,557.57,ʯ̿ϵ,��ʯ̿ͳ,̫ԭ��
Z14,39485524.95,3852578.63,37.31,21ú,627.18,628.35,ʯ̿ϵ,��ʯ̿ͳ,̫ԭ��
Z14,39485524.95,3852578.63,37.31,22ú,632.4,632.67,ʯ̿ϵ,��ʯ̿ͳ,̫ԭ��
Z38,39480224.97,3851072.61,38.74,7ú,281.94,283.06,,,
Z38,39480224.97,3851072.61,38.74,9ú,325.35,328.28,,,
Z38,39480224.97,3851072.61,38.74,ú,386.04,386.36,,,
Z38,39480224.97,3851072.61,38.74,ú,396.61,396.85,,,
Z38,39480224.97,3851072.61,38.74,ú,401.99,402.24,,,
Z38,39480224.97,3851072.61,38.74,ú,404.75,405.12,,,
Z38,39480224.97,3851072.61,38.74,18ú,406.79,410.16,,,
Z38,39480224.97,3851072.61,38.74,21ú,454.79,456.24,,,
Z38,39480224.97,3851072.61,38.74,ú,460.28,460.61,,,
Z59,39478841.57,3852508.07,40.05,ú,971.3,974.7,����ϵ,�¶���ͳ,ɽ����
Z6,39487099.04,3852405.35,36.99,ú,301.4,302.71,����ϵ,�¶���ͳ,ɽ����
Z6,39487099.04,3852405.35,36.99,ú,305.22,305.82,ʯ̿ϵ,��ʯ̿ͳ,̫ԭ��
Z18,39484579.68,3852095.66,37.89,ú,284.75,285,����ϵ,�¶���ͳ,ɽ����
Z18,39484579.68,3852095.66,37.89,7ú,299.57,304.33,����ϵ,�¶���ͳ,ɽ����
Z18,39484579.68,3852095.66,37.89,8ú,325.55,329.55,����ϵ,�¶���ͳ,ɽ����
Z18,39484579.68,3852095.66,37.89,ú,373.5,373.7,ʯ̿ϵ,��ʯ̿ͳ,̫ԭ��
Z18,39484579.68,3852095.66,37.89,11ú,407.2,407.5,ʯ̿ϵ,��ʯ̿ͳ,̫ԭ��
Z18,39484579.68,3852095.66,37.89,13ú,419.2,419.5,ʯ̿ϵ,��ʯ̿ͳ,̫ԭ��
Z18,39484579.68,3852095.66,37.89,14ú,424.48,424.77,ʯ̿ϵ,��ʯ̿ͳ,̫ԭ��
Z18,39484579.68,3852095.66,37.89,15ú,427,427.35,ʯ̿ϵ,��ʯ̿ͳ,̫ԭ��
Z18,39484579.68,3852095.66,37.89,17ú,433,433.2,ʯ̿ϵ,��ʯ̿ͳ,̫ԭ��
Z18,39484579.68,3852095.66,37.89,21ú,495.47,496.75,ʯ̿ϵ,��ʯ̿ͳ,̫ԭ��
Z18,39484579.68,3852095.66,37.89,22ú,500.27,500.62,ʯ̿ϵ,��ʯ̿ͳ,̫ԭ��
Z63,39482008.59,3852082.86,37.76,7ú,520.82,522.3,,,
Z63,39482008.59,3852082.86,37.76,ú,608.14,608.5,,,
Z63,39482008.59,3852082.86,37.76,ú,640.03,640.36,,,
Z63,39482008.59,3852082.86,37.76,ú,667.24,667.68,,,
Z63,39482008.59,3852082.86,37.76,18ú,670.33,675,,,
Z63,39482008.59,3852082.86,37.76,ú,686.65,687.02,,,
Z63,39482008.59,3852082.86,37.76,21ú,719.3,720.52,,,
Z63,39482008.59,3852082.86,37.76,ú,723.54,724.06,,,
Z34,39480895,3850804.04,38.71,ú,320.59,320.86,ʯ̿ϵ,��ʯ̿ͳ,̫ԭ��
Z34,39480895,3850804.04,38.71,13ú,334.79,335.12,ʯ̿ϵ,��ʯ̿ͳ,̫ԭ��
Z34,39480895,3850804.04,38.71,14ú,340.7,341.17,ʯ̿ϵ,��ʯ̿ͳ,̫ԭ��
Z34,39480895,3850804.04,38.71,15ú,344.58,344.94,ʯ̿ϵ,��ʯ̿ͳ,̫ԭ��
Z34,39480895,3850804.04,38.71,17ú,347.35,349,ʯ̿ϵ,��ʯ̿ͳ,̫ԭ��
Z34,39480895,3850804.04,38.71,18ú,351.01,353.34,ʯ̿ϵ,��ʯ̿ͳ,̫ԭ��
Z34,39480895,3850804.04,38.71,21ú,409.35,410.63,ʯ̿ϵ,��ʯ̿ͳ,̫ԭ��
Z34,39480895,3850804.04,38.71,22ú,415.24,415.82,ʯ̿ϵ,��ʯ̿ͳ,̫ԭ��
Z22,39483701.5,3851599.62,37.07,ú,276.62,277.04,ʯ̿ϵ,��ʯ̿ͳ,̫ԭ��
Z22,39483701.5,3851599.62,37.07,ú,285.85,286.23,ʯ̿ϵ,��ʯ̿ͳ,̫ԭ��
Z22,39483701.5,3851599.62,37.07,17ú,290.11,291.83,ʯ̿ϵ,��ʯ̿ͳ,̫ԭ��
Z22,39483701.5,3851599.62,37.07,18ú,292.73,293.1,ʯ̿ϵ,��ʯ̿ͳ,̫ԭ��
Z22,39483701.5,3851599.62,37.07,21ú,347.71,349,ʯ̿ϵ,��ʯ̿ͳ,̫ԭ��
Z22,39483701.5,3851599.62,37.07,22ú,351.28,351.7,ʯ̿ϵ,��ʯ̿ͳ,̫ԭ��
Z23,39483571.82,3852193.78,38.15,7ú,336.12,341.91,����ϵ,�¶���ͳ,ɽ����
Z23,39483571.82,3852193.78,38.15,8ú,367.53,371.55,����ϵ,�¶���ͳ,ɽ����
Z35,39480840.42,3851017.38,38.68,8ú,312.05,316.45,����ϵ,�¶���ͳ,ɽ����
Z19,39480090.83,3851656.04,38.91,ú,517.3,517.6,����ϵ,�¶���ͳ,ɽ����
Z19,39480090.83,3851656.04,38.91,ú,521.9,522.2,����ϵ,�¶���ͳ,ɽ����
Z19,39480090.83,3851656.04,38.91,7ú,526.88,528.73,����ϵ,�¶���ͳ,ɽ����
Z19,39480090.83,3851656.04,38.91,8ú,573.61,577.35,����ϵ,�¶���ͳ,ɽ����
Z19,39480090.83,3851656.04,38.91,ú,608.15,608.5,ʯ̿ϵ,��ʯ̿ͳ,̫ԭ��
Z19,39480090.83,3851656.04,38.91,ú,619.5,620,ʯ̿ϵ,��ʯ̿ͳ,̫ԭ��
Z19,39480090.83,3851656.04,38.91,11ú,651.86,652.2,ʯ̿ϵ,��ʯ̿ͳ,̫ԭ��
Z19,39480090.83,3851656.04,38.91,14ú,672.15,672.62,ʯ̿ϵ,��ʯ̿ͳ,̫ԭ��
Z19,39480090.83,3851656.04,38.91,15ú,676.13,676.53,ʯ̿ϵ,��ʯ̿ͳ,̫ԭ��
Z19,39480090.83,3851656.04,38.91,17ú,678.71,680.36,ʯ̿ϵ,��ʯ̿ͳ,̫ԭ��
Z19,39480090.83,3851656.04,38.91,18ú,682.62,682.95,ʯ̿ϵ,��ʯ̿ͳ,̫ԭ��
Z19,39480090.83,3851656.04,38.91,21ú,735.99,737.23,ʯ̿ϵ,��ʯ̿ͳ,̫ԭ��
Z19,39480090.83,3851656.04,38.91,22ú,741.7,742.12,ʯ̿ϵ,��ʯ̿ͳ,̫ԭ��
Z7,39486603.36,3852108.72,36.92,21ú,300.91,302.27,ʯ̿ϵ,��ʯ̿ͳ,̫ԭ��
Z7,39486603.36,3852108.72,36.92,22ú,306,306.3,ʯ̿ϵ,��ʯ̿ͳ,̫ԭ��
Z58,39488471.36,3853764.18,37.15,7ú,703.91,710.2,����ϵ,�¶���ͳ,ɽ����
Z58,39488471.36,3853764.18,37.15,9ú,740.87,745,����ϵ,�¶���ͳ,ɽ����
Z39,39479950.29,3850682.06,39.25,13ú,314.2,314.5,ʯ̿ϵ,ʯ̿ͳ,̫ԭ��
Z39,39479950.29,3850682.06,39.25,14ú,321.7,322.02,ʯ̿ϵ,ʯ̿ͳ,̫ԭ��
Z39,39479950.29,3850682.06,39.25,15ú,326.14,326.48,ʯ̿ϵ,ʯ̿ͳ,̫ԭ��
Z39,39479950.29,3850682.06,39.25,17ú,327.45,328.9,ʯ̿ϵ,ʯ̿ͳ,̫ԭ��
Z39,39479950.29,3850682.06,39.25,21ú,401.8,402.75,ʯ̿ϵ,ʯ̿ͳ,̫ԭ��
Z39,39479950.29,3850682.06,39.25,22ú,408.13,408.8,ʯ̿ϵ,ʯ̿ͳ,̫ԭ��
Z15,39485160.93,3851915.71,36.73,ú,250.55,251.1,ʯ̿ϵ,��ʯ̿ͳ,̫ԭ��
Z15,39485160.93,3851915.71,36.73,ú,286.95,287.3,ʯ̿ϵ,��ʯ̿ͳ,̫ԭ��
Z15,39485160.93,3851915.71,36.73,13ú,302,302.3,ʯ̿ϵ,��ʯ̿ͳ,̫ԭ��
Z15,39485160.93,3851915.71,36.73,14ú,306.1,306.55,ʯ̿ϵ,��ʯ̿ͳ,̫ԭ��
Z15,39485160.93,3851915.71,36.73,15ú,308.9,309.25,ʯ̿ϵ,��ʯ̿ͳ,̫ԭ��
Z15,39485160.93,3851915.71,36.73,ú,316.65,317.81,ʯ̿ϵ,��ʯ̿ͳ,̫ԭ��
Z15,39485160.93,3851915.71,36.73,18ú,320.34,320.77,ʯ̿ϵ,��ʯ̿ͳ,̫ԭ��
Z15,39485160.93,3851915.71,36.73,21ú,374.15,375.9,ʯ̿ϵ,��ʯ̿ͳ,̫ԭ��
Z15,39485160.93,3851915.71,36.73,22ú,378.82,379.35,ʯ̿ϵ,��ʯ̿ͳ,̫ԭ��
Z42,39479415.78,3850571.09,39.21,11ú,307.25,307.5,ʯ̿ϵ,��ʯ̿ͳ,̫ԭ��
Z42,39479415.78,3850571.09,39.21,ú,312.27,312.42,ʯ̿ϵ,��ʯ̿ͳ,̫ԭ��
Z42,39479415.78,3850571.09,39.21,13ú,322.85,323.1,ʯ̿ϵ,��ʯ̿ͳ,̫ԭ��
Z42,39479415.78,3850571.09,39.21,14ú,329.55,329.8,ʯ̿ϵ,��ʯ̿ͳ,̫ԭ��
Z42,39479415.78,3850571.09,39.21,15ú,335.55,335.8,ʯ̿ϵ,��ʯ̿ͳ,̫ԭ��
Z42,39479415.78,3850571.09,39.21,17ú,337.96,340.03,ʯ̿ϵ,��ʯ̿ͳ,̫ԭ��
Z42,39479415.78,3850571.09,39.21,18ú,344.02,344.57,ʯ̿ϵ,��ʯ̿ͳ,̫ԭ��
Z54,39484801.52,3853646.32,37.79,7ú,636.1,640.55,����ϵ,�¶���ͳ,ɽ����
Z54,39484801.52,3853646.32,37.79,9ú,668.11,671.93,����ϵ,�¶���ͳ,ɽ����
Z16,39483790.33,3853224.42,37.07,7ú,579.12,583.28,����ϵ,�¶���ͳ,ɽ����
Z16,39483790.33,3853224.42,37.07,8ú,611.6,615.83,����ϵ,�¶���ͳ,ɽ����
Z16,39483790.33,3853224.42,37.07,ú,650.15,650.5,ʯ̿ϵ,��ʯ̿ͳ,̫ԭ��
Z16,39483790.33,3853224.42,37.07,11ú,685,685.3,ʯ̿ϵ,��ʯ̿ͳ,̫ԭ��
Z16,39483790.33,3853224.42,37.07,13��ú,696.02,696.3,ʯ̿ϵ,��ʯ̿ͳ,̫ԭ��
Z16,39483790.33,3853224.42,37.07,14ú,702.1,702.4,ʯ̿ϵ,��ʯ̿ͳ,̫ԭ��
Z16,39483790.33,3853224.42,37.07,15ú,705.2,705.45,ʯ̿ϵ,��ʯ̿ͳ,̫ԭ��
Z16,39483790.33,3853224.42,37.07,17ú,709.96,711.5,ʯ̿ϵ,��ʯ̿ͳ,̫ԭ��
Z16,39483790.33,3853224.42,37.07,18ú,712.99,713.35,ʯ̿ϵ,��ʯ̿ͳ,̫ԭ��
Z16,39483790.33,3853224.42,37.07,21ú,769.82,771,ʯ̿ϵ,��ʯ̿ͳ,̫ԭ��
Z16,39483790.33,3853224.42,37.07,22ú,774.3,774.62,ʯ̿ϵ,��ʯ̿ͳ,̫ԭ��
Z8,39486511.78,3852370.44,37.38,7ú,238.9,244.67,����ϵ,�¶���ͳ,ɽ����
Z8,39486511.78,3852370.44,37.38,9ú,275.71,280.21,����ϵ,�¶���ͳ,ɽ����
Z8,39486511.78,3852370.44,37.38,ú,332.85,333.3,ʯ̿ϵ,��ʯ̿ͳ,̫ԭ��
Z8,39486511.78,3852370.44,37.38,13��ú,376.55,376.85,ʯ̿ϵ,��ʯ̿ͳ,̫ԭ��
Z8,39486511.78,3852370.44,37.38,ú,381.4,381.8,ʯ̿ϵ,��ʯ̿ͳ,̫ԭ��
Z8,39486511.78,3852370.44,37.38,21ú,436.15,437.2,ʯ̿ϵ,��ʯ̿ͳ,̫ԭ��
Z8,39486511.78,3852370.44,37.38,22ú,440.87,441.3,ʯ̿ϵ,��ʯ̿ͳ,̫ԭ��
Z41,39479652.31,3851640.54,38.92,ú,496.24,496.52,,,
Z41,39479652.31,3851640.54,38.92,ú,500.01,500.24,,,
Z41,39479652.31,3851640.54,38.92,7ú,505.44,506.26,,,
Z41,39479652.31,3851640.54,38.92,9ú,544.21,548.79,,,
Z41,39479652.31,3851640.54,38.92,ú,603.65,605.28,,,
Z41,39479652.31,3851640.54,38.92,ú,634.77,635.09,,,
Z41,39479652.31,3851640.54,38.92,ú,638.8,639.08,,,
Z41,39479652.31,3851640.54,38.92,ú,647.56,647.94,,,
Z41,39479652.31,3851640.54,38.92,ú,653.33,653.65,,,
Z41,39479652.31,3851640.54,38.92,ú,657.3,657.61,,,
Z41,39479652.31,3851640.54,38.92,18ú,659.97,664.13,,,
Z41,39479652.31,3851640.54,38.92,21ú,713.11,714.26,,,
Z41,39479652.31,3851640.54,38.92,ú,718.16,718.61,,,
Z20,39484473.89,3852586.33,37.87,7ú,450.9,452.3,����ϵ,�¶���ͳ,ɽ����
Z20,39484473.89,3852586.33,37.87,8ú,479.85,483.85,����ϵ,�¶���ͳ,ɽ����
Z20,39484473.89,3852586.33,37.87,ú,526,526.2,ʯ̿ϵ,��ʯ̿ͳ,̫ԭ��
Z20,39484473.89,3852586.33,37.87,11ú,559.25,559.45,ʯ̿ϵ,��ʯ̿ͳ,̫ԭ��
Z20,39484473.89,3852586.33,37.87,13��ú,572.22,572.44,ʯ̿ϵ,��ʯ̿ͳ,̫ԭ��
Z20,39484473.89,3852586.33,37.87,14ú,577.95,578.2,ʯ̿ϵ,��ʯ̿ͳ,̫ԭ��
Z20,39484473.89,3852586.33,37.87,15ú,580.7,581.1,ʯ̿ϵ,��ʯ̿ͳ,̫ԭ��
Z20,39484473.89,3852586.33,37.87,18ú,589.42,590,ʯ̿ϵ,��ʯ̿ͳ,̫ԭ��
Z20,39484473.89,3852586.33,37.87,21ú,646.3,647.75,ʯ̿ϵ,��ʯ̿ͳ,̫ԭ��
Z20,39484473.89,3852586.33,37.87,22ú,652.8,653.35,ʯ̿ϵ,��ʯ̿ͳ,̫ԭ��
Z20,39484473.89,3852586.33,37.87,ú,656.38,656.63,ʯ̿ϵ,��ʯ̿ͳ,̫ԭ��
Z36,39480829.33,3851501.7,38.01,7ú,480.83,481.66,�¶���ϵ,�¶���ͳ,ɽ����
Z36,39480829.33,3851501.7,38.01,8ú,527.32,529.47,�¶���ϵ,�¶���ͳ,ɽ����
Z61,39487884.24,3854091.09,37.22,7ú,791.39,796.34,����ϵ,�¶���ͳ,ɽ����
Z61,39487884.24,3854091.09,37.22,9ú,812.65,814.2,����ϵ,�¶���ͳ,ɽ����
Z4,39487483.9,3853585.4,37.33,ú,602.7,603.03,����ϵ,�¶���ͳ,��ʯ������
Z4,39487483.9,3853585.4,37.33,9ú,710.43,714.35,����ϵ,�¶���ͳ,ɽ����
Z4,39487483.9,3853585.4,37.33,ú,747.42,747.8,ʯ̿ϵ,��ʯ̿ͳ,̫ԭ��
Z4,39487483.9,3853585.4,37.33,ú,775.78,776.01,ʯ̿ϵ,��ʯ̿ͳ,̫ԭ��
Z4,39487483.9,3853585.4,37.33,ú,793.05,793.37,ʯ̿ϵ,��ʯ̿ͳ,̫ԭ��
Z4,39487483.9,3853585.4,37.33,17ú,803.45,805.26,ʯ̿ϵ,��ʯ̿ͳ,̫ԭ��
Z4,39487483.9,3853585.4,37.33,21ú,845.83,847.34,ʯ̿ϵ,��ʯ̿ͳ,̫ԭ��
Z4,39487483.9,3853585.4,37.33,ú,850.28,850.67,ʯ̿ϵ,��ʯ̿ͳ,̫ԭ��
Z5,39487162.06,3852135.03,37.29,ú,317.47,317.67,ʯ̿ϵ,��ʯ̿ͳ,̫ԭ��
Z5,39487162.06,3852135.03,37.29,17ú,330.05,330.7,ʯ̿ϵ,��ʯ̿ͳ,̫ԭ��
Z5,39487162.06,3852135.03,37.29,18ú,337.38,337.73,ʯ̿ϵ,��ʯ̿ͳ,̫ԭ��
Z5,39487162.06,3852135.03,37.29,22ú,352,379.92,ʯ̿ϵ,��ʯ̿ͳ,̫ԭ��
Z60,39480269.95,3850921.64,39.33,9ú,307.54,311.44,,,
Z37,39480304.59,3850769.02,39.47,ú,309.2,309.62,ʯ̿ϵ,ʯ̿ͳ,̫ԭ��
Z37,39480304.59,3850769.02,39.47,ú,343.7,344,ʯ̿ϵ,ʯ̿ͳ,̫ԭ��
Z37,39480304.59,3850769.02,39.47,15ú,357.4,357.6,ʯ̿ϵ,ʯ̿ͳ,̫ԭ��
Z37,39480304.59,3850769.02,39.47,14ú,364.65,365.18,ʯ̿ϵ,ʯ̿ͳ,̫ԭ��
Z37,39480304.59,3850769.02,39.47,17ú,370.64,371.19,ʯ̿ϵ,ʯ̿ͳ,̫ԭ��
Z37,39480304.59,3850769.02,39.47,18ú,373.04,373.46,ʯ̿ϵ,ʯ̿ͳ,̫ԭ��
Z37,39480304.59,3850769.02,39.47,21ú,430.05,431.46,ʯ̿ϵ,ʯ̿ͳ,̫ԭ��
Z37,39480304.59,3850769.02,39.47,22ú,436.5,436.95,ʯ̿ϵ,ʯ̿ͳ,̫ԭ��
Z21,39484188.2,3851666.26,37.65,13ú,271.65,272,ʯ̿ϵ,��ʯ̿ͳ,̫ԭ��
Z21,39484188.2,3851666.26,37.65,14ú,277.23,277.57,ʯ̿ϵ,��ʯ̿ͳ,̫ԭ��
Z21,39484188.2,3851666.26,37.65,15ú,280.26,280.69,ʯ̿ϵ,��ʯ̿ͳ,̫ԭ��
Z21,39484188.2,3851666.26,37.65,17ú,285.75,287.45,ʯ̿ϵ,��ʯ̿ͳ,̫ԭ��
Z21,39484188.2,3851666.26,37.65,18ú,289.41,289.88,ʯ̿ϵ,��ʯ̿ͳ,̫ԭ��
Z21,39484188.2,3851666.26,37.65,21ú,350.56,351.84,ʯ̿ϵ,��ʯ̿ͳ,̫ԭ��
Z21,39484188.2,3851666.26,37.65,22ú,355.75,356.14,ʯ̿ϵ,��ʯ̿ͳ,̫ԭ��
Z56,39482686.05,3853381.6,38.56,7ú,812.6,814.3,,,
Z56,39482686.05,3853381.6,38.56,9ú,863.19,864.72,,,
Z9,39486446.43,3852690.36,37.68,7ú,412.97,417.3,����ϵ,�¶���ͳ,ɽ����
Z9,39486446.43,3852690.36,37.68,9ú,440.75,445,����ϵ,�¶���ͳ,ɽ����
Z9,39486446.43,3852690.36,37.68,ú,490.1,490.5,ʯ̿ϵ,��ʯ̿ͳ,̫ԭ��
Z9,39486446.43,3852690.36,37.68,13��ú,538.5,538.75,ʯ̿ϵ,��ʯ̿ͳ,̫ԭ��
Z9,39486446.43,3852690.36,37.68,14ú,544.2,544.5,ʯ̿ϵ,��ʯ̿ͳ,̫ԭ��
Z9,39486446.43,3852690.36,37.68,15ú,546.95,547.4,ʯ̿ϵ,��ʯ̿ͳ,̫ԭ��
Z9,39486446.43,3852690.36,37.68,17ú,552.65,553.79,ʯ̿ϵ,��ʯ̿ͳ,̫ԭ��
Z9,39486446.43,3852690.36,37.68,18ú,557.05,557.53,ʯ̿ϵ,��ʯ̿ͳ,̫ԭ��
Z9,39486446.43,3852690.36,37.68,21ú,614.58,616.7,ʯ̿ϵ,��ʯ̿ͳ,̫ԭ��
Z40,39479866.22,3850932.72,39.23,9ú,319.71,321.06,����ϵ,�¶���ͳ,ɽ����
Z40,39479866.22,3850932.72,39.23,ú,392.22,392.53,ʯ̿ϵ,��ʯ̿ͳ,̫ԭ��
Z40,39479866.22,3850932.72,39.23,ú,403.93,404.26,ʯ̿ϵ,��ʯ̿ͳ,̫ԭ��
Z40,39479866.22,3850932.72,39.23,ú,409.81,410.15,ʯ̿ϵ,��ʯ̿ͳ,̫ԭ��
Z40,39479866.22,3850932.72,39.23,ú,413.31,413.66,ʯ̿ϵ,��ʯ̿ͳ,̫ԭ��
Z40,39479866.22,3850932.72,39.23,18ú,416,419.1,ʯ̿ϵ,��ʯ̿ͳ,̫ԭ��
Z40,39479866.22,3850932.72,39.23,ú,473.35,474.74,ʯ̿ϵ,��ʯ̿ͳ,̫ԭ��
Z40,39479866.22,3850932.72,39.23,ú,480.09,480.39,ʯ̿ϵ,��ʯ̿ͳ,̫ԭ��
Z17,39484670.85,3851752.66,37.56,ú,299.74,300.04,ʯ̿ϵ,��ʯ̿ͳ,̫ԭ��
Z17,39484670.85,3851752.66,37.56,ú,306.96,307.26,ʯ̿ϵ,��ʯ̿ͳ,̫ԭ��
Z17,39484670.85,3851752.66,37.56,ú,310.3,310.67,ʯ̿ϵ,��ʯ̿ͳ,̫ԭ��
Z17,39484670.85,3851752.66,37.56,18ú,320.09,320.45,ʯ̿ϵ,��ʯ̿ͳ,̫ԭ��
Z17,39484670.85,3851752.66,37.56,11ú,334.66,587.2,ʯ̿ϵ,��ʯ̿ͳ,̫ԭ��
Z26,39482693.47,3851639.3,38.06,7ú,250.67,253.9,����ϵ,�¶���ͳ,ɽ����
Z26,39482693.47,3851639.3,38.06,8ú,291.07,294.57,����ϵ,�¶���ͳ,ɽ����
Z30,39483546.3,3852311.26,38.25,7ú,380.43,383.2,����ϵ,�¶���ͳ,ɽ����
Z30,39483546.3,3852311.26,38.25,8ú,412.27,416.2,����ϵ,�¶���ͳ,ɽ����
Z30,39483546.3,3852311.26,38.25,ú,457.3,457.65,ʯ̿ϵ,��ʯ̿ͳ,̫ԭ��
Z30,39483546.3,3852311.26,38.25,11ú,494,494.4,ʯ̿ϵ,��ʯ̿ͳ,̫ԭ��
Z30,39483546.3,3852311.26,38.25,13ú,506.65,506.93,ʯ̿ϵ,��ʯ̿ͳ,̫ԭ��
Z30,39483546.3,3852311.26,38.25,14ú,512.44,512.77,ʯ̿ϵ,��ʯ̿ͳ,̫ԭ��
Z30,39483546.3,3852311.26,38.25,15ú,515.97,516.34,ʯ̿ϵ,��ʯ̿ͳ,̫ԭ��
Z30,39483546.3,3852311.26,38.25,17ú,520.23,521.67,ʯ̿ϵ,��ʯ̿ͳ,̫ԭ��
Z30,39483546.3,3852311.26,38.25,18ú,524.33,524.9,ʯ̿ϵ,��ʯ̿ͳ,̫ԭ��
Z30,39483546.3,3852311.26,38.25,21ú,571.05,572.27,ʯ̿ϵ,��ʯ̿ͳ,̫ԭ��
Z30,39483546.3,3852311.26,38.25,22ú,576.44,576.79,ʯ̿ϵ,��ʯ̿ͳ,̫ԭ��
Z67,39483402.26,3852917.81,37.53,7ú,655.35,660.55,����ϵ,�¶���ͳ,ɽ����
Z67,39483402.26,3852917.81,37.53,ú,727.17,727.5,ʯ̿ϵ,��ʯ̿ͳ,̫ԭ��
Z2,39481103.75,3851767.21,38.66,7ú,473.04,473.34,����ϵ,�¶���ͳ,ɽ����
Z2,39481103.75,3851767.21,38.66,9ú,509.09,512.26,����ϵ,�¶���ͳ,ɽ����
Z10,39486154.47,3852091.75,37.34,13��ú,268.3,268.62,ʯ̿ϵ,��ʯ̿ͳ,̫ԭ��
Z10,39486154.47,3852091.75,37.34,14ú,274.1,274.52,ʯ̿ϵ,��ʯ̿ͳ,̫ԭ��
Z10,39486154.47,3852091.75,37.34,15ú,277.11,277.89,ʯ̿ϵ,��ʯ̿ͳ,̫ԭ��
Z10,39486154.47,3852091.75,37.34,17ú,285.06,285.45,ʯ̿ϵ,��ʯ̿ͳ,̫ԭ��
Z10,39486154.47,3852091.75,37.34,18ú,288.62,289.03,ʯ̿ϵ,��ʯ̿ͳ,̫ԭ��
Z10,39486154.47,3852091.75,37.34,21ú,349.84,349.84,ʯ̿ϵ,��ʯ̿ͳ,̫ԭ��
Z10,39486154.47,3852091.75,37.34,21ú,349.94,350.95,ʯ̿ϵ,��ʯ̿ͳ,̫ԭ��
Z10,39486154.47,3852091.75,37.34,22ú,357.45,357.85,ʯ̿ϵ,��ʯ̿ͳ,̫ԭ��
Z47,39478797.66,3850686.92,39.17,ú,311.92,312.17,,,
Z51,39480650.72,3852748.68,38.95,7ú,864.7,866.1,����ϵ,�¶���ͳ,ɽ����
Z51,39480650.72,3852748.68,38.95,8ú,910.35,913.55,����ϵ,�¶���ͳ,ɽ����
Z50,39478181.56,3851102.2,38.28,ú,476.95,477.32,ʯ̿ϵ,��ʯ̿ͳ,̫ԭ��
Z50,39478181.56,3851102.2,38.28,ú,494.9,495.45,ʯ̿ϵ,��ʯ̿ͳ,̫ԭ��
Z50,39478181.56,3851102.2,38.28,��ú,531.33,531.65,ʯ̿ϵ,��ʯ̿ͳ,̫ԭ��
Z50,39478181.56,3851102.2,38.28,13ú,542.63,542.97,ʯ̿ϵ,��ʯ̿ͳ,̫ԭ��
Z50,39478181.56,3851102.2,38.28,14ú,550.68,551.04,ʯ̿ϵ,��ʯ̿ͳ,̫ԭ��
Z50,39478181.56,3851102.2,38.28,15ú,554.96,555.43,ʯ̿ϵ,��ʯ̿ͳ,̫ԭ��
Z50,39478181.56,3851102.2,38.28,17ú,557.68,559.64,ʯ̿ϵ,��ʯ̿ͳ,̫ԭ��
Z50,39478181.56,3851102.2,38.28,18ú,562.69,563.2,ʯ̿ϵ,��ʯ̿ͳ,̫ԭ��
Z50,39478181.56,3851102.2,38.28,ú,576.76,577.2,ʯ̿ϵ,��ʯ̿ͳ,̫ԭ��
Z50,39478181.56,3851102.2,38.28,21ú,613.18,614.43,ʯ̿ϵ,��ʯ̿ͳ,̫ԭ��
Z50,39478181.56,3851102.2,38.28,22ú,618.41,618.74,ʯ̿ϵ,��ʯ̿ͳ,̫ԭ��
Z46,39478850.5,3850497,39.42,13��ú,311,311.25,ʯ̿ϵ,��ʯ̿ϵ,̫ԭ��
Z46,39478850.5,3850497,39.42,14ú,318.5,318.85,ʯ̿ϵ,��ʯ̿ϵ,̫ԭ��
Z46,39478850.5,3850497,39.42,15ú,323.55,324,ʯ̿ϵ,��ʯ̿ϵ,̫ԭ��
Z46,39478850.5,3850497,39.42,ú,325.24,325.6,ʯ̿ϵ,��ʯ̿ϵ,̫ԭ��
Z46,39478850.5,3850497,39.42,17ú,326.2,327.35,ʯ̿ϵ,��ʯ̿ϵ,̫ԭ��
Z46,39478850.5,3850497,39.42,18ú,330,330.4,ʯ̿ϵ,��ʯ̿ϵ,̫ԭ��
Z46,39478850.5,3850497,39.42,ú,342.9,343.4,ʯ̿ϵ,��ʯ̿ϵ,̫ԭ��
Z46,39478850.5,3850497,39.42,21ú,380.2,381.5,ʯ̿ϵ,��ʯ̿ϵ,̫ԭ��
Z46,39478850.5,3850497,39.42,ú,386.45,386.8,ʯ̿ϵ,��ʯ̿ϵ,̫ԭ��
Z11,39485684.43,3851868.33,36.88,21ú,292.15,293.77,ʯ̿ϵ,��ʯ̿ͳ,̫ԭ��
Z11,39485684.43,3851868.33,36.88,22ú,297.95,298.53,ʯ̿ϵ,��ʯ̿ͳ,̫ԭ��
Z3,39487573.63,3853146.38,36.78,7ú,572.4,576.8,����ϵ,�¶���ͳ,ɽ����
Z3,39487573.63,3853146.38,36.78,9ú,600.8,604.9,����ϵ,�¶���ͳ,ɽ����
Z3,39487573.63,3853146.38,36.78,ú,643.55,643.75,ʯ̿ϵ,��ʯ̿ͳ,̫ԭ��
Z3,39487573.63,3853146.38,36.78,11ú,671.7,672.1,ʯ̿ϵ,��ʯ̿ͳ,̫ԭ��
Z3,39487573.63,3853146.38,36.78,13ú,676.05,676.25,ʯ̿ϵ,��ʯ̿ͳ,̫ԭ��
Z3,39487573.63,3853146.38,36.78,ú,677.75,678,ʯ̿ϵ,��ʯ̿ͳ,̫ԭ��
Z3,39487573.63,3853146.38,36.78,13��ú,683.25,683.5,ʯ̿ϵ,��ʯ̿ͳ,̫ԭ��
Z3,39487573.63,3853146.38,36.78,ú,688.25,688.6,ʯ̿ϵ,��ʯ̿ͳ,̫ԭ��
Z3,39487573.63,3853146.38,36.78,15ú,692.25,692.65,ʯ̿ϵ,��ʯ̿ͳ,̫ԭ��
Z3,39487573.63,3853146.38,36.78,17ú,697.65,699.13,ʯ̿ϵ,��ʯ̿ͳ,̫ԭ��
Z3,39487573.63,3853146.38,36.78,18ú,700.3,700.64,ʯ̿ϵ,��ʯ̿ͳ,̫ԭ��
Z3,39487573.63,3853146.38,36.78,21ú,740.7,742.13,ʯ̿ϵ,��ʯ̿ͳ,̫ԭ��
Z3,39487573.63,3853146.38,36.78,22ú,745.28,745.73,ʯ̿ϵ,��ʯ̿ͳ,̫ԭ��
Z66,39485624.96,3854357.71,37.56,6ú,964,964.2,����ϵ,�¶���ͳ,ɽ����
Z66,39485624.96,3854357.71,37.56,7ú,979,984.03,����ϵ,�¶���ͳ,ɽ����
Z31,39481757.93,3851151.03,38.8,ú,288.23,288.5,ʯ̿ϵ,��ʯ̿ͳ,̫ԭ��
Z31,39481757.93,3851151.03,38.8,ú,312.02,312.34,ʯ̿ϵ,��ʯ̿ͳ,̫ԭ��
Z31,39481757.93,3851151.03,38.8,ú,315.79,316,ʯ̿ϵ,��ʯ̿ͳ,̫ԭ��
Z31,39481757.93,3851151.03,38.8,ú,322.53,322.77,ʯ̿ϵ,��ʯ̿ͳ,̫ԭ��
Z31,39481757.93,3851151.03,38.8,ú,328.08,328.55,ʯ̿ϵ,��ʯ̿ͳ,̫ԭ��
Z31,39481757.93,3851151.03,38.8,ú,330.94,331.27,ʯ̿ϵ,��ʯ̿ͳ,̫ԭ��
Z31,39481757.93,3851151.03,38.8,18ú,333.37,336.9,ʯ̿ϵ,��ʯ̿ͳ,̫ԭ��
Z31,39481757.93,3851151.03,38.8,21ú,381.45,382.46,ʯ̿ϵ,��ʯ̿ͳ,̫ԭ��
Z31,39481757.93,3851151.03,38.8,ú,385.78,386.25,ʯ̿ϵ,��ʯ̿ͳ,̫ԭ��
Z27,39482626.91,3851919.79,38.19,7ú,365.37,368.16,����ϵ,�¶���ͳ,ɽ����
Z27,39482626.91,3851919.79,38.19,8ú,406.09,409.81,����ϵ,�¶���ͳ,ɽ����
Z27,39482626.91,3851919.79,38.19,ú,451.89,452.37,ʯ̿ϵ,��ʯ̿ͳ,̫ԭ��
Z27,39482626.91,3851919.79,38.19,ú,491.3,491.6,ʯ̿ϵ,��ʯ̿ͳ,̫ԭ��
Z27,39482626.91,3851919.79,38.19,ú,504.24,504.58,ʯ̿ϵ,��ʯ̿ͳ,̫ԭ��
Z27,39482626.91,3851919.79,38.19,ú,509.28,509.58,ʯ̿ϵ,��ʯ̿ͳ,̫ԭ��
Z27,39482626.91,3851919.79,38.19,ú,513.71,513.94,ʯ̿ϵ,��ʯ̿ͳ,̫ԭ��
Z27,39482626.91,3851919.79,38.19,ú,517.07,517.52,ʯ̿ϵ,��ʯ̿ͳ,̫ԭ��
Z27,39482626.91,3851919.79,38.19,ú,524.36,525.54,ʯ̿ϵ,��ʯ̿ͳ,̫ԭ��
Z27,39482626.91,3851919.79,38.19,ú,541.42,541.7,ʯ̿ϵ,��ʯ̿ͳ,̫ԭ��
Z27,39482626.91,3851919.79,38.19,ú,553.97,554.35,ʯ̿ϵ,��ʯ̿ͳ,̫ԭ��
Z27,39482626.91,3851919.79,38.19,ú,567.55,567.81,ʯ̿ϵ,��ʯ̿ͳ,̫ԭ��
Z27,39482626.91,3851919.79,38.19,ú,573.01,573.25,ʯ̿ϵ,��ʯ̿ͳ,̫ԭ��
Z27,39482626.91,3851919.79,38.19,ú,576.42,576.64,ʯ̿ϵ,��ʯ̿ͳ,̫ԭ��
Z27,39482626.91,3851919.79,38.19,17ú,579.92,581.38,ʯ̿ϵ,��ʯ̿ͳ,̫ԭ��
Z27,39482626.91,3851919.79,38.19,ú,584.21,584.52,ʯ̿ϵ,��ʯ̿ͳ,̫ԭ��
Z27,39482626.91,3851919.79,38.19,ú,631.55,632.78,ʯ̿ϵ,��ʯ̿ͳ,̫ԭ��
Z27,39482626.91,3851919.79,38.19,ú,636.21,636.54,ʯ̿ϵ,��ʯ̿ͳ,̫ԭ��
